{
  "name": "detallecompra",
  "plural": "detallescompras",
  "base": "PersistedModel",
  "idInjection": true,
  "options": {
    "validateUpsert": true
  },
  "properties": {
    "idCompra": {
      "type": "number",
      "required": true
    },
    "idProducto": {
      "type": "number",
      "required": true
    },
    "cantidad": {
      "type": "number",
      "required": true
    },
    "precioUnitario": {
      "type": "number",
      "required": true
    }
  },
  "validations": [],
  "relations": {},
  "acls": [],
  "methods": {}
}
