{
  "_meta": {
    "sources": [
      "loopback/common/models",
      "loopback/server/models",
      "../common/models",
      "./models"
    ],
    "mixins": [
      "loopback/common/mixins",
      "loopback/server/mixins",
      "../common/mixins",
      "./mixins"
    ]
  },
  "User": {
    "dataSource": "db"
  },
  "AccessToken": {
    "dataSource": "db",
    "public": false
  },
  "ACL": {
    "dataSource": "db",
    "public": false
  },
  "RoleMapping": {
    "dataSource": "db",
    "public": false,
    "options": {
      "strictObjectIDCoercion": true
    }
  },
  "Role": {
    "dataSource": "db",
    "public": false
  },
  "parametro": {
    "dataSource": "mysql",
    "public": true
  },
  "bitacora": {
    "dataSource": "mysql",
    "public": true
  },
  "compra": {
    "dataSource": "mysql",
    "public": true
  },
  "detallecompra": {
    "dataSource": "mysql",
    "public": true
  },
  "dashboardllevar": {
    "dataSource": "mysql",
    "public": true
  },
  "dashboardprincipal": {
    "dataSource": "mysql",
    "public": true
  }
}
